Model,Accuracy,Precision,Recall,F1-Score
Naïve Bayes,0.9677733333333334,0.9428785390975386,0.9677733333333334,0.9545587408105766
Logistic Regression,0.9703333333333334,0.9712135676772525,0.9703333333333334,0.955862063413523
KNN,0.9700333333333333,0.9539289370085213,0.9700333333333333,0.9561670304437502
Decision Tree,0.9711733333333333,0.9624019111541864,0.9711733333333333,0.960012672740769
Multi-layer Perceptron,0.9703266666666667,0.9698585272547043,0.9703266666666667,0.9558586687969826
