Model,Accuracy,Precision,Recall,F1-Score
Naïve Bayes,0.8212511147916932,0.8638400977960157,0.8212511147916932,0.8108004376411581
Logistic Regression,0.8212192636004586,0.863617920052617,0.8212192636004586,0.810795534079477
Decision Tree,0.8289272518792202,0.8587233726006962,0.8289272518792202,0.8211720158691305
Multi-layer Perceptron,0.8296439036819977,0.8587498846686031,0.8296439036819977,0.8220544772538475
