Model,Accuracy,Precision,Recall,F1-Score
KNN,0.5881481717416231,0.5794617424455893,0.5881481717416231,0.568254382491516
