Model,Accuracy,Precision,Recall,F1-Score
KNN,0.825853611925086,0.8494372665983553,0.825853611925086,0.8189724720745675
